City_ID,City,Country,Date,Lat,Lng,Max Temp,Humidity,Cloudiness,Wind Speed
0,Tadine,NC,2021-11-18 15:25:56,-21.55,167.8833,75.15,84,63,9.17
1,Albany,US,2021-11-18 15:22:54,42.6001,-73.9662,63.18,82,74,4.0
2,New Norfolk,AU,2021-11-18 15:25:57,-42.7826,147.0587,50.76,84,91,2.55
3,Sola,VU,2021-11-18 15:25:57,-13.8833,167.55,80.76,73,8,7.52
4,Fukue,JP,2021-11-18 15:25:57,32.6881,128.8419,61.68,48,3,10.11
5,Carnarvon,AU,2021-11-18 15:25:58,-24.8667,113.6333,69.87,73,40,19.57
6,Eydhafushi,MV,2021-11-18 15:25:58,5.1033,73.0708,82.38,76,100,18.66
7,Winnemucca,US,2021-11-18 15:25:58,40.973,-117.7357,26.65,74,1,0.0
8,Sitka,US,2021-11-18 15:25:59,57.0531,-135.33,39.09,60,90,16.11
9,Kaitangata,NZ,2021-11-18 15:25:59,-46.2817,169.8464,43.79,95,40,4.7
10,Nanchital,MX,2021-11-18 15:26:00,18.0667,-94.4,73.42,94,90,0.0
11,Ushuaia,AR,2021-11-18 15:26:00,-54.8,-68.3,47.82,61,75,23.02
12,Atuona,PF,2021-11-18 15:25:59,-9.8,-139.0333,77.4,74,16,13.06
13,Emerald,AU,2021-11-18 15:26:00,-23.5333,148.1667,71.74,62,0,10.36
14,Provideniya,RU,2021-11-18 15:26:01,64.3833,-173.3,5.5,84,23,9.82
15,Flinders,AU,2021-11-18 15:26:01,-34.5833,150.8552,66.2,84,100,1.01
16,Castro,BR,2021-11-18 15:25:57,-24.7911,-50.0119,70.59,81,86,7.61
17,Pacific Grove,US,2021-11-18 15:26:02,36.6177,-121.9166,58.96,95,90,1.99
18,Butaritari,KI,2021-11-18 15:26:02,3.0707,172.7902,81.39,78,100,12.91
19,Oksfjord,NO,2021-11-18 15:26:03,70.2396,22.3479,31.12,94,92,6.6
20,Xining,CN,2021-11-18 15:26:03,36.6167,101.7667,36.54,38,99,2.35
21,Mataura,NZ,2021-11-18 15:26:04,-46.1927,168.8643,41.05,97,24,3.42
22,Campoalegre,CO,2021-11-18 15:26:04,2.6849,-75.3231,80.22,75,93,3.91
23,Rikitea,PF,2021-11-18 15:26:04,-23.1203,-134.9692,72.45,69,50,15.14
24,Svetlyy,RU,2021-11-18 15:26:04,54.675,20.1347,46.96,82,76,17.87
25,Lompoc,US,2021-11-18 15:26:05,34.6391,-120.4579,55.13,91,90,3.44
26,Saint-Philippe,RE,2021-11-18 15:26:05,-21.3585,55.7679,78.39,74,43,13.91
27,Bethel,US,2021-11-18 15:26:06,41.3712,-73.414,62.78,78,1,1.99
28,Polyarnyy,RU,2021-11-18 15:26:06,69.1989,33.4478,32.47,95,100,10.69
29,Jamestown,US,2021-11-18 15:26:07,42.097,-79.2353,47.08,96,90,7.0
30,Dikson,RU,2021-11-18 15:26:07,73.5069,80.5464,-17.09,94,50,2.75
31,Upernavik,GL,2021-11-18 15:26:08,72.7868,-56.1549,8.08,77,98,6.46
32,Banjarmasin,ID,2021-11-18 15:26:08,-3.3244,114.591,78.94,94,91,3.0
33,Harper,LR,2021-11-18 15:26:09,4.375,-7.7169,83.8,71,35,8.19
34,Nikolskoye,RU,2021-11-18 15:26:09,59.7035,30.7861,35.87,96,100,11.21
35,Kapaa,US,2021-11-18 15:26:09,22.0752,-159.319,75.18,84,20,5.75
36,Barrow,US,2021-11-18 15:26:10,71.2906,-156.7887,8.62,78,1,9.22
37,Hithadhoo,MV,2021-11-18 15:26:10,-0.6,73.0833,82.69,77,69,18.84
38,Punta Arenas,CL,2021-11-18 15:22:28,-53.15,-70.9167,50.02,53,75,24.16
39,Avarua,CK,2021-11-18 15:26:10,-21.2078,-159.775,77.05,88,40,11.5
40,Port Alfred,ZA,2021-11-18 15:26:11,-33.5906,26.891,64.69,56,15,16.96
41,Laguna,US,2021-11-18 15:26:11,38.421,-121.4238,55.22,97,90,0.0
42,Port Elizabeth,ZA,2021-11-18 15:26:11,-33.918,25.5701,68.09,59,20,14.97
43,Vostok,RU,2021-11-18 15:26:12,46.4856,135.8833,21.6,97,33,5.03
44,Busselton,AU,2021-11-18 15:26:12,-33.65,115.3333,55.04,76,70,14.47
45,Albert,FR,2021-11-18 15:27:12,50.0009,2.651,54.79,84,90,8.05
46,Laukaa,RU,2021-11-18 15:27:13,58.7372,29.8453,38.88,96,100,11.72
47,Touros,BR,2021-11-18 15:27:13,-5.1989,-35.4608,90.5,55,36,17.94
48,San Angelo,US,2021-11-18 15:27:02,31.4638,-100.437,47.95,33,1,8.99
49,Severo-Kurilsk,RU,2021-11-18 15:27:14,50.6789,156.125,31.89,66,67,7.85
50,Mahebourg,MU,2021-11-18 15:27:14,-20.4081,57.7,78.26,69,40,17.27
51,Kerewan,GM,2021-11-18 15:27:15,13.4898,-16.0888,93.31,30,83,5.44
52,Cape Town,ZA,2021-11-18 15:25:37,-33.9258,18.4232,70.11,44,0,21.85
53,Namibe,AO,2021-11-18 15:27:15,-15.1961,12.1522,73.26,78,89,12.8
54,Hobart,AU,2021-11-18 15:24:19,-42.8794,147.3294,51.12,93,75,6.91
55,Vila Franca Do Campo,PT,2021-11-18 15:27:15,37.7167,-25.4333,66.61,62,70,6.35
56,San Cristobal,VE,2021-11-18 15:27:16,7.7669,-72.225,73.58,49,99,3.36
57,Port Augusta,AU,2021-11-18 15:27:16,-32.5,137.7667,68.7,81,99,10.4
58,Qaanaaq,GL,2021-11-18 15:27:16,77.484,-69.3632,-5.82,62,8,6.51
59,Arinos,BR,2021-11-18 15:27:17,-15.9169,-46.1056,88.2,46,87,5.35
60,Isangel,VU,2021-11-18 15:27:18,-19.55,169.2667,77.11,94,75,0.0
61,Paraiso,CR,2021-11-18 15:27:18,9.8383,-83.8656,76.87,59,69,4.99
62,Bathsheba,BB,2021-11-18 15:27:18,13.2167,-59.5167,88.41,62,40,21.85
63,Nanortalik,GL,2021-11-18 15:27:19,60.1432,-45.2371,29.73,79,94,6.44
64,Sackville,CA,2021-11-18 15:27:19,45.9188,-64.3846,41.47,95,100,10.49
65,Vila Real De Santo Antonio,PT,2021-11-18 15:27:20,37.195,-7.4177,69.75,46,9,14.56
66,Cidreira,BR,2021-11-18 15:27:20,-30.1811,-50.2056,64.92,76,100,9.19
67,Vanavara,RU,2021-11-18 15:27:21,60.34,102.2797,6.03,85,100,8.41
68,Bend,US,2021-11-18 15:26:03,44.0582,-121.3153,40.48,58,1,1.99
69,Puerto Ayora,EC,2021-11-18 15:27:21,-0.7393,-90.3518,73.36,74,85,9.62
70,Vaini,TO,2021-11-18 15:27:21,-21.2,-175.2,71.76,100,20,6.91
71,Mogadishu,SO,2021-11-18 15:27:22,2.0371,45.3438,80.82,76,44,11.07
72,Saint George,US,2021-11-18 15:23:09,37.1041,-113.5841,48.67,44,1,3.44
73,Hilo,US,2021-11-18 15:27:23,19.7297,-155.09,77.29,96,90,0.0
74,Khatanga,RU,2021-11-18 15:27:23,71.9667,102.5,-35.19,95,6,3.65
75,Chok Chai,TH,2021-11-18 15:27:24,14.7284,102.1652,73.71,87,52,6.11
76,Ambilobe,MG,2021-11-18 15:27:24,-13.2,49.05,80.87,61,45,4.29
77,Hasaki,JP,2021-11-18 15:27:24,35.7333,140.8333,48.6,82,93,8.19
78,Potenza,IT,2021-11-18 15:27:25,40.6443,15.8086,53.92,81,100,1.99
79,Remigio,BR,2021-11-18 15:27:25,-6.9333,-35.7833,85.28,30,17,15.35
80,Thohoyandou,ZA,2021-11-18 15:27:26,-22.9456,30.485,95.99,21,36,8.34
81,Hualmay,PE,2021-11-18 15:27:26,-11.0964,-77.6139,68.07,73,63,7.85
82,Hermanus,ZA,2021-11-18 15:27:26,-34.4187,19.2345,67.89,54,0,9.15
83,Narsaq,GL,2021-11-18 15:27:27,60.9167,-46.05,26.82,85,100,3.56
84,Palmer,US,2021-11-18 15:27:27,42.1584,-72.3287,63.45,71,75,5.01
85,Cherskiy,RU,2021-11-18 15:27:28,68.75,161.3,5.14,84,43,7.63
86,Chuy,UY,2021-11-18 15:27:28,-33.6971,-53.4616,69.04,35,0,2.91
87,Santiago Del Estero,AR,2021-11-18 15:27:23,-27.7951,-64.2615,77.29,34,0,4.94
88,Sulangan,PH,2021-11-18 15:27:28,11.1373,123.7228,82.29,76,24,3.2
89,La Ligua,CL,2021-11-18 15:27:28,-32.4524,-71.2311,56.98,41,0,8.52
90,Saldanha,ZA,2021-11-18 15:27:29,-33.0117,17.9442,68.05,63,0,25.14
91,Yellowknife,CA,2021-11-18 15:28:29,62.456,-114.3525,22.41,100,90,10.36
92,Iqaluit,CA,2021-11-18 15:28:29,63.7506,-68.5145,17.33,79,75,0.0
93,Linqiong,CN,2021-11-18 15:28:30,30.4159,103.4609,51.62,84,100,3.51
94,Salinas,US,2021-11-18 15:28:30,36.6777,-121.6555,59.38,90,90,8.05
95,Ranong,TH,2021-11-18 15:28:30,9.9658,98.6348,77.0,92,99,3.94
96,Trofors,NO,2021-11-18 15:28:31,65.5333,13.4063,38.77,97,100,6.55
97,Tevaitoa,PF,2021-11-18 15:28:31,-16.7833,-151.5,79.97,68,98,18.54
98,Airai,TL,2021-11-18 15:28:31,-8.9266,125.4092,61.88,90,100,1.92
99,Bredasdorp,ZA,2021-11-18 15:28:32,-34.5322,20.0403,67.28,39,1,12.68
100,Roma,US,2021-11-18 15:26:03,43.2128,-75.4557,64.13,74,90,6.91
101,Vagur,FO,2021-11-18 15:28:32,61.4732,-6.8119,46.47,92,100,13.15
102,Yumen,CN,2021-11-18 15:28:32,40.2833,97.2,33.75,41,71,18.75
103,Culpeper,US,2021-11-18 15:23:38,38.5004,-77.9664,68.61,63,1,3.0
104,Solnechnyy,RU,2021-11-18 15:28:33,50.7214,136.6319,16.54,91,100,5.59
105,Seguela,CI,2021-11-18 15:28:33,7.9611,-6.6731,92.39,34,16,5.99
106,Bambous Virieux,MU,2021-11-18 15:28:33,-20.3428,57.7575,78.22,69,40,17.27
107,Sarakhs,IR,2021-11-18 15:28:34,36.5449,61.1577,43.9,37,0,7.52
108,Bluff,NZ,2021-11-18 15:28:34,-46.6,168.3333,48.04,85,47,12.75
109,Sept-Iles,CA,2021-11-18 15:27:02,50.2001,-66.3821,36.03,89,90,8.99
110,Thinadhoo,MV,2021-11-18 15:28:34,0.5333,72.9333,81.79,79,31,18.68
111,Eureka,US,2021-11-18 15:28:34,40.8021,-124.1637,56.19,94,100,1.01
112,Olafsvik,IS,2021-11-18 15:28:35,64.8945,-23.7142,38.55,94,100,5.97
113,Eldorado,BR,2021-11-18 15:25:29,-23.7869,-54.2836,78.46,76,78,9.53
114,Namatanai,PG,2021-11-18 15:28:35,-3.6667,152.4333,79.88,74,89,7.52
115,Salisbury,GB,2021-11-18 15:28:36,51.0693,-1.7957,57.29,82,90,12.66
116,Tiksi,RU,2021-11-18 15:28:36,71.6872,128.8694,-2.07,97,100,4.41
117,Fatwa,IN,2021-11-18 15:28:36,25.5167,85.3167,62.69,40,83,2.24
118,Aksarka,RU,2021-11-18 15:28:36,66.5606,67.7975,-17.66,99,41,4.9
119,Buala,SB,2021-11-18 15:28:37,-8.145,159.5921,80.11,82,74,4.9
120,Kodiak,US,2021-11-18 15:28:37,57.79,-152.4072,17.11,73,90,0.0
121,Kavieng,PG,2021-11-18 15:28:38,-2.5744,150.7967,81.25,79,100,9.51
122,Canto Do Buriti,BR,2021-11-18 15:28:38,-8.11,-42.9444,93.63,35,99,6.08
123,Rolleston,NZ,2021-11-18 15:28:39,-43.5833,172.3833,54.43,93,0,9.22
124,Chase,CA,2021-11-18 15:28:39,50.8165,-119.6857,32.14,82,100,2.37
125,Aklavik,CA,2021-11-18 15:28:40,68.2191,-135.0107,1.4,78,90,11.5
126,Taoudenni,ML,2021-11-18 15:28:40,22.6783,-3.9836,87.6,15,100,2.98
127,Ciney,BE,2021-11-18 15:28:40,50.2945,5.1002,48.09,84,92,8.72
128,Norman Wells,CA,2021-11-18 15:28:41,65.282,-126.8329,1.44,78,90,11.5
129,La Union,PE,2021-11-18 15:27:24,-5.4,-80.75,75.63,58,67,8.25
130,Guane,CU,2021-11-18 15:28:41,22.2025,-84.0875,77.83,86,100,8.77
131,Fort Nelson,CA,2021-11-18 15:28:41,58.8053,-122.7002,8.19,92,90,9.22
132,Baherden,TM,2021-11-18 15:28:42,38.4362,57.4316,44.4,38,0,7.43
133,Arraial Do Cabo,BR,2021-11-18 15:28:42,-22.9661,-42.0278,91.36,62,0,13.8
134,Ostrovnoy,RU,2021-11-18 15:28:42,68.0531,39.5131,35.89,96,100,15.32
135,Dubbo,AU,2021-11-18 15:25:12,-32.25,148.6167,62.73,63,100,6.91
136,Axim,GH,2021-11-18 15:28:43,4.8699,-2.2405,84.06,72,75,5.88
137,Georgetown,MY,2021-11-18 15:29:43,5.4112,100.3354,76.95,94,20,3.44
138,Kupang,ID,2021-11-18 15:29:43,-10.1667,123.5833,80.87,75,100,6.29
139,Ilulissat,GL,2021-11-18 15:29:44,69.2167,-51.1,-11.31,73,0,7.58
140,Bongouanou,CI,2021-11-18 15:29:44,6.6486,-4.1992,85.78,59,100,2.71
141,Mwinilunga,ZM,2021-11-18 15:29:45,-11.7358,24.4293,64.08,89,95,4.36
142,Abrau-Dyurso,RU,2021-11-18 15:29:46,44.69,37.59,36.86,72,100,5.32
143,Richards Bay,ZA,2021-11-18 15:29:46,-28.783,32.0377,69.82,71,85,21.23
144,Naryan-Mar,RU,2021-11-18 15:29:46,67.6713,53.087,8.73,83,100,11.86
145,Karratha,AU,2021-11-18 15:29:47,-20.7377,116.8463,79.43,62,14,16.78
146,Sambava,MG,2021-11-18 15:29:47,-14.2667,50.1667,78.51,70,10,10.45
147,Dalbandin,PK,2021-11-18 15:29:48,28.8947,64.4101,56.16,32,0,12.71
148,Hobyo,SO,2021-11-18 15:29:49,5.3505,48.5268,80.17,65,77,14.45
149,Saskylakh,RU,2021-11-18 15:29:49,71.9167,114.0833,-29.51,100,35,4.21
150,Coquimbo,CL,2021-11-18 15:29:50,-29.9533,-71.3436,60.53,72,75,10.36
151,Nelson Bay,AU,2021-11-18 15:29:50,-32.7167,152.15,66.99,85,74,1.01
152,Portland,US,2021-11-18 15:27:45,45.5234,-122.6762,47.75,70,90,1.99
153,Chokurdakh,RU,2021-11-18 15:29:50,70.6333,147.9167,-14.4,100,67,5.03
154,Berestechko,UA,2021-11-18 15:29:51,50.3605,25.1107,43.0,77,100,12.28
155,Asau,RO,2021-11-18 15:29:51,46.4333,26.4,40.28,78,31,0.72
156,Praia,CV,2021-11-18 15:29:52,14.9215,-23.5087,82.94,57,40,14.97
157,Ponta Do Sol,PT,2021-11-18 15:29:52,32.6667,-17.1,71.71,65,48,3.47
158,Wilmington,US,2021-11-18 15:29:52,34.2257,-77.9447,74.98,72,20,6.91
159,Moron,AR,2021-11-18 15:29:53,-34.6534,-58.6198,77.02,29,1,3.0
160,Aykhal,RU,2021-11-18 15:29:53,66.0,111.5,-15.97,100,97,4.83
161,Thompson,CA,2021-11-18 15:29:53,55.7435,-97.8558,1.56,85,20,5.75
162,Torit,SS,2021-11-18 15:29:54,4.4133,32.5678,82.67,52,89,4.14
163,Gat,IL,2021-11-18 15:29:02,31.61,34.7642,71.4,64,69,6.69
164,Alghero,IT,2021-11-18 15:29:54,40.5589,8.3181,64.49,68,20,11.5
165,Lasa,IT,2021-11-18 15:29:54,46.6166,10.7002,50.74,75,87,4.36
166,Tiffin,US,2021-11-18 15:29:55,41.1145,-83.178,43.18,78,100,5.01
167,Rognan,NO,2021-11-18 15:29:55,67.0953,15.3878,37.89,91,99,7.43
168,Tairua,NZ,2021-11-18 15:29:55,-37.0167,175.85,54.09,87,13,5.95
169,Mayumba,GA,2021-11-18 15:29:56,-3.432,10.6554,81.79,74,21,6.53
170,Ribeira Grande,PT,2021-11-18 15:29:56,38.5167,-28.7,70.2,68,20,17.27
171,Okhotsk,RU,2021-11-18 15:29:56,59.3833,143.3,22.48,85,100,16.37
172,Saint Anthony,US,2021-11-18 15:29:57,45.0205,-93.218,30.54,70,90,5.99
173,Tuktoyaktuk,CA,2021-11-18 15:29:57,69.4541,-133.0374,5.0,85,90,16.11
174,Ingham,US,2021-11-18 15:29:57,42.6,-84.3833,39.15,69,90,9.22
175,Port Hedland,AU,2021-11-18 15:27:55,-20.3167,118.5667,78.85,73,45,17.27
176,Bilibino,RU,2021-11-18 15:29:58,68.0546,166.4372,-8.7,99,35,4.05
177,Araguacu,BR,2021-11-18 15:29:58,-12.9306,-49.8264,82.81,75,91,6.93
178,Kasulu,TZ,2021-11-18 15:29:59,-4.5767,30.1025,71.1,76,73,8.3
179,Torbay,CA,2021-11-18 15:29:59,47.6666,-52.7314,36.39,63,75,17.27
180,Inongo,CD,2021-11-18 15:29:59,-1.95,18.2667,75.33,81,62,5.44
181,Waingapu,ID,2021-11-18 15:31:00,-9.6567,120.2641,80.69,76,37,8.01
182,Rafsanjan,IR,2021-11-18 15:31:00,30.4067,55.9939,50.13,41,3,7.0
183,Sarahan,IN,2021-11-18 15:31:00,31.5167,77.8,45.84,29,6,6.96
184,Saint-Georges,GD,2021-11-18 15:30:11,12.0564,-61.7485,85.68,70,40,18.41
185,San Policarpo,PH,2021-11-18 15:31:01,12.1791,125.5072,76.59,90,62,5.86
186,Campestre,BR,2021-11-18 15:31:01,-21.7111,-46.2464,71.94,89,100,5.57
187,Zhirnovsk,RU,2021-11-18 15:31:02,50.9845,44.7735,26.24,74,60,6.98
188,Ambon,ID,2021-11-18 15:31:02,-3.6954,128.1814,77.14,94,40,5.75
189,Clinton,US,2021-11-18 15:29:50,42.587,-82.9199,43.21,66,75,1.99
190,Yarmouth,US,2021-11-18 15:31:02,41.7057,-70.2286,67.1,84,1,13.0
191,Camacha,PT,2021-11-18 15:31:03,33.0833,-16.3333,67.53,60,40,14.97
192,Paamiut,GL,2021-11-18 15:31:03,61.994,-49.6678,14.72,83,40,11.61
193,Abha,SA,2021-11-18 15:31:03,18.2164,42.5053,66.02,82,20,9.22
194,Santa Rosa,PH,2021-11-18 15:31:04,14.3122,121.1114,83.91,79,73,4.47
195,Lavrentiya,RU,2021-11-18 15:31:04,65.5833,-171.0,1.9,92,10,10.16
196,Casablanca,MA,2021-11-18 15:26:42,33.5928,-7.6192,73.62,52,0,5.01
197,Angoram,PG,2021-11-18 15:31:05,-4.0625,144.0661,73.94,99,99,1.05
198,Kenai,US,2021-11-18 15:31:05,60.5544,-151.2583,6.15,84,1,3.44
199,Puri,IN,2021-11-18 15:31:06,19.8,85.85,75.72,63,61,9.82
200,Ridgecrest,US,2021-11-18 15:30:36,35.6225,-117.6709,49.64,37,69,1.01
201,Victor Harbor,AU,2021-11-18 15:31:06,-35.5667,138.6167,60.89,84,100,1.01
202,Harboore,DK,2021-11-18 15:31:07,56.6175,8.1807,54.16,94,100,25.03
203,Honningsvag,NO,2021-11-18 15:31:07,70.9821,25.9704,37.15,93,90,1.14
204,Palu,ID,2021-11-18 15:31:08,-0.8917,119.8707,76.41,94,100,2.26
205,Vila Velha,BR,2021-11-18 15:31:08,-20.3297,-40.2925,85.95,70,20,8.99
206,Filadelfia,US,2021-11-18 15:29:00,39.9523,-75.1638,65.14,70,20,5.01
207,Kalynivka,UA,2021-11-18 15:31:09,49.4539,28.5261,33.94,85,100,9.46
208,Yanam,IN,2021-11-18 15:31:09,16.7333,82.2167,81.0,86,100,13.15
209,Lekoni,GA,2021-11-18 15:31:10,-1.5843,14.2591,81.32,64,95,5.41
210,La Ronge,CA,2021-11-18 15:31:10,55.1001,-105.2842,16.05,92,90,8.05
211,Teya,RU,2021-11-18 15:31:10,60.3778,92.6267,16.02,90,100,8.99
212,Faanui,PF,2021-11-18 15:31:11,-16.4833,-151.75,80.69,64,100,17.18
213,Mainburg,DE,2021-11-18 15:31:11,48.65,11.7833,47.39,81,75,5.75
214,Asosa,ET,2021-11-18 15:31:12,10.0667,34.5333,69.58,49,20,5.12
215,Minnedosa,CA,2021-11-18 15:31:12,50.2453,-99.8436,14.56,91,8,10.33
216,Makakilo City,US,2021-11-18 15:31:12,21.3469,-158.0858,71.92,89,1,4.61
217,Hofn,IS,2021-11-18 15:31:13,64.2539,-15.2082,35.62,80,90,9.22
218,San Ferdinando Di Puglia,IT,2021-11-18 15:31:13,41.3026,16.0705,61.29,83,74,5.37
219,Marzuq,YE,2021-11-18 15:31:14,14.4,46.4667,73.74,22,2,8.23
220,Broken Hill,AU,2021-11-18 15:31:14,-31.95,141.4333,73.11,31,90,8.05
221,Bilma,NE,2021-11-18 15:31:14,18.6853,12.9164,88.11,12,0,8.7
222,Rethimnon,GR,2021-11-18 15:31:15,35.3647,24.4714,64.2,74,14,4.5
223,Souillac,MU,2021-11-18 15:31:15,-20.5167,57.5167,78.37,69,40,17.27
224,Vryburg,ZA,2021-11-18 15:31:15,-26.9566,24.7284,83.34,6,0,15.21
225,Yeppoon,AU,2021-11-18 15:31:16,-23.1333,150.7333,71.38,69,12,11.43
226,Hovd,MN,2021-11-18 15:31:16,48.0056,91.6419,19.47,30,0,6.53
227,China,MX,2021-11-18 15:31:00,25.7,-99.2333,65.84,63,39,34.67
228,Ewa Beach,US,2021-11-18 15:32:17,21.3156,-158.0072,73.35,89,1,4.0
229,Gambiran,ID,2021-11-18 15:32:17,-6.7988,111.4951,76.68,87,69,2.01
230,Neryungri,RU,2021-11-18 15:32:17,56.6709,124.6491,-4.67,99,98,4.88
231,Temascalapa,MX,2021-11-18 15:32:18,19.8333,-98.9,57.94,35,98,2.21
232,Lebu,CL,2021-11-18 15:31:10,-37.6167,-73.65,58.21,73,11,18.03
233,Berlevag,NO,2021-11-18 15:32:18,70.8578,29.0864,33.75,93,75,2.3
234,Sisimiut,GL,2021-11-18 15:32:18,66.9395,-53.6735,11.71,83,81,7.25
235,Klaksvik,FO,2021-11-18 15:32:19,62.2266,-6.589,45.52,85,100,10.58
236,Biak,ID,2021-11-18 15:32:19,-0.9131,122.8766,77.23,83,100,3.15
237,Cabo San Lucas,MX,2021-11-18 15:32:19,22.8909,-109.9124,79.52,52,1,3.44
238,Konotop,UA,2021-11-18 15:32:20,51.2403,33.2026,30.94,64,86,8.61
239,Egvekinot,RU,2021-11-18 15:32:20,66.3167,-179.1667,-3.21,77,0,8.7
240,Kananga,CD,2021-11-18 15:32:21,-5.8958,22.4178,70.36,93,71,3.83
241,Tasiilaq,GL,2021-11-18 15:32:21,65.6145,-37.6368,18.39,61,99,4.23
242,Astoria,US,2021-11-18 15:32:22,46.1879,-123.8313,47.91,65,90,4.0
243,Porto Santo,PT,2021-11-18 15:32:22,33.072,-16.3415,70.3,60,40,14.97
244,Innisfail,AU,2021-11-18 15:32:23,-17.5333,146.0333,74.89,85,14,8.37
245,Felipe Carrillo Puerto,MX,2021-11-18 15:32:23,19.5833,-88.05,81.93,74,64,4.14
246,Tornio,FI,2021-11-18 15:32:24,65.8481,24.1466,32.02,85,27,7.16
247,Puerto Escondido,MX,2021-11-18 15:32:24,15.85,-97.0667,84.47,56,7,2.86
248,Vardo,NO,2021-11-18 15:32:24,70.3705,31.1107,35.8,93,75,9.22
249,Deputatskiy,RU,2021-11-18 15:32:25,69.3,139.9,-10.68,99,98,3.42
250,Harnosand,SE,2021-11-18 15:32:25,62.6323,17.9379,35.01,65,73,8.93
251,Goderich,CA,2021-11-18 15:31:29,43.7501,-81.7165,40.91,60,99,20.71
252,Atar,MR,2021-11-18 15:32:26,20.5169,-13.0499,76.32,48,100,3.49
253,Battle Creek,US,2021-11-18 15:31:10,42.3212,-85.1797,37.94,46,90,23.02
254,Bagdarin,RU,2021-11-18 15:32:27,54.4333,113.6,2.14,94,76,3.42
255,Pevek,RU,2021-11-18 15:32:28,69.7008,170.3133,10.2,69,7,17.0
256,Veraval,IN,2021-11-18 15:32:28,20.9,70.3667,75.87,76,98,10.76
257,Saint-Pierre,RE,2021-11-18 15:32:28,-21.3393,55.4781,78.48,69,0,12.66
258,Odweyne,SO,2021-11-18 15:32:29,9.4092,45.064,71.98,45,11,14.94
259,Aasiaat,GL,2021-11-18 15:32:29,68.7098,-52.8699,-7.65,96,26,6.49
260,Fortuna,US,2021-11-18 15:32:30,40.5982,-124.1573,53.37,78,75,5.75
261,Berdigestyakh,RU,2021-11-18 15:32:30,62.0989,126.6992,-13.07,99,59,4.88
262,The Valley,AI,2021-11-18 15:32:30,18.217,-63.0578,86.83,70,40,17.27
263,Urazovo,RU,2021-11-18 15:32:31,50.0836,38.0395,28.62,49,51,6.06
264,West Plains,US,2021-11-18 15:32:31,36.7281,-91.8524,45.43,38,1,4.0
265,Mutoko,ZW,2021-11-18 15:32:31,-17.397,32.2268,86.92,19,14,4.7
266,Nouakchott,MR,2021-11-18 15:31:15,18.0858,-15.9785,80.53,61,100,14.14
267,Codrington,AU,2021-11-18 15:32:32,-38.2667,141.9667,54.37,69,100,12.33
268,Charters Towers,AU,2021-11-18 15:32:32,-20.1,146.2667,71.44,77,0,12.1
269,Hambantota,LK,2021-11-18 15:32:33,6.1241,81.1185,80.94,83,75,3.44
270,Awjilah,LY,2021-11-18 15:32:33,29.1081,21.2869,74.75,33,39,8.05
271,Rincon De La Victoria,ES,2021-11-18 15:32:33,36.7172,-4.2758,70.84,69,93,20.51
272,Jatai,BR,2021-11-18 15:32:34,-17.8814,-51.7144,77.11,78,99,12.37
273,San Carlos De Bariloche,AR,2021-11-18 15:28:50,-41.1456,-71.3082,58.75,44,75,17.27
274,Tilichiki,RU,2021-11-18 15:32:35,60.4667,166.1,23.14,89,100,13.27
275,Cockburn Town,TC,2021-11-18 15:33:35,21.4612,-71.1419,81.63,70,7,18.75
276,Jalu,LY,2021-11-18 15:33:36,29.0331,21.5482,74.62,34,14,7.54
277,Upington,ZA,2021-11-18 15:33:36,-28.4478,21.2561,80.98,17,0,9.22
278,Pocone,BR,2021-11-18 15:33:37,-16.2567,-56.6228,71.74,88,100,4.03
279,Vaitape,PF,2021-11-18 15:33:37,-16.5167,-151.75,80.67,64,100,17.16
280,Naigarhi,IN,2021-11-18 15:33:38,24.7833,81.7833,66.54,44,21,4.05
281,Bosaso,SO,2021-11-18 15:32:53,11.2842,49.1816,77.56,62,81,2.93
282,De Haan,BE,2021-11-18 15:33:38,51.272,3.0429,55.38,84,0,5.01
283,Husavik,IS,2021-11-18 15:33:38,66.0449,-17.3389,28.31,75,100,8.05
284,Urumqi,CN,2021-11-18 15:33:39,43.801,87.6005,23.95,74,0,2.24
285,Chabahar,IR,2021-11-18 15:33:39,25.2919,60.643,76.71,45,0,6.08
286,Lakselv,NO,2021-11-18 15:33:40,70.0513,24.9718,31.82,86,0,8.05
287,Korla,CN,2021-11-18 15:33:40,41.7597,86.1469,35.1,40,2,7.09
288,Kismayo,SO,2021-11-18 15:33:41,-0.3582,42.5454,80.56,78,37,12.35
289,Antiguo Morelos,MX,2021-11-18 15:33:41,22.5495,-99.0812,70.95,63,0,2.39
290,Alta Floresta,BR,2021-11-18 15:33:41,-9.8756,-56.0861,85.82,70,40,3.44
291,Sinnamary,GF,2021-11-18 15:33:42,5.3833,-52.95,84.42,70,57,8.72
292,Sorland,NO,2021-11-18 15:33:42,67.667,12.6934,40.86,65,75,18.41
293,Kutum,SD,2021-11-18 15:33:42,14.2,24.6667,78.33,17,10,8.57
294,San Quintin,MX,2021-11-18 15:33:43,30.4833,-115.95,63.07,73,50,5.7
295,Casamassima,IT,2021-11-18 15:33:43,40.9571,16.9204,60.44,86,96,1.01
296,Grants Pass,US,2021-11-18 15:32:47,42.439,-123.3284,42.8,95,1,0.0
297,Mar Del Plata,AR,2021-11-18 15:31:53,-38.0023,-57.5575,78.82,37,0,8.01
298,Luderitz,NA,2021-11-18 15:33:44,-26.6481,15.1594,69.15,56,0,33.87
299,Vao,NC,2021-11-18 15:33:45,-22.6667,167.4833,74.84,84,37,13.98
300,Bengkulu,ID,2021-11-18 15:31:06,-3.8004,102.2655,76.14,87,100,2.64
301,Kailua,US,2021-11-18 15:33:46,21.4022,-157.7394,73.38,94,40,0.0
302,Tiarei,PF,2021-11-18 15:33:46,-17.5333,-149.3333,75.22,72,23,19.62
303,Kalmunai,LK,2021-11-18 15:33:47,7.4167,81.8167,80.2,82,98,3.71
304,Lakes Entrance,AU,2021-11-18 15:33:47,-37.8811,147.981,66.16,68,88,15.1
305,Praia Da Vitoria,PT,2021-11-18 15:33:47,38.7333,-27.0667,70.05,73,20,8.48
306,Evensk,RU,2021-11-18 15:33:48,61.95,159.2333,22.62,79,100,24.11
307,Izhma,RU,2021-11-18 15:33:48,65.0083,53.9113,15.1,94,100,7.99
308,Uarini,BR,2021-11-18 15:33:49,-2.99,-65.1083,85.95,99,100,0.45
309,Listvyanskiy,RU,2021-11-18 15:33:49,54.4399,83.4984,-0.69,96,65,9.48
310,Chara,RU,2021-11-18 15:33:50,56.9064,118.2631,3.16,84,99,2.86
311,San Patricio,US,2021-11-18 15:33:50,28.017,-97.5169,66.07,58,93,20.09
312,Valparaiso,CL,2021-11-18 15:33:50,-33.0393,-71.6273,61.03,77,20,5.75
313,Nazas,MX,2021-11-18 15:33:51,25.2333,-104.1333,69.58,24,100,2.13
314,Anadyr,RU,2021-11-18 15:33:51,64.75,177.4833,12.7,73,75,15.66
315,Ca Mau,VN,2021-11-18 15:31:31,9.1769,105.15,74.91,97,100,3.24
316,Yerofey Pavlovich,RU,2021-11-18 15:33:52,53.9667,121.9667,8.15,93,99,4.16
317,Langenburg,DE,2021-11-18 15:33:52,49.2544,9.8458,45.28,90,75,4.61
318,Bud,US,2021-11-18 15:34:52,39.447,-86.1758,43.21,60,100,15.3
319,Tura,IN,2021-11-18 15:34:53,25.5198,90.2201,62.69,86,2,3.49
320,Mitsamiouli,KM,2021-11-18 15:34:54,-11.3847,43.2844,84.49,61,20,17.27
321,Patitirion,GR,2021-11-18 15:34:54,39.15,23.8667,58.48,65,10,1.48
322,Aklera,IN,2021-11-18 15:34:55,24.4167,76.5667,70.72,43,97,7.52
323,Zapolyarnyy,RU,2021-11-18 15:34:55,69.4154,30.8136,33.08,99,100,5.77
324,Pringsewu,ID,2021-11-18 15:34:56,-5.3582,104.9744,74.21,96,99,3.29
325,Khani,GE,2021-11-18 15:34:56,41.9563,42.9566,36.97,69,100,2.37
326,Gibsons,CA,2021-11-18 15:34:57,49.3997,-123.5027,41.0,87,100,5.01
327,Los Llanos De Aridane,ES,2021-11-18 15:34:57,28.6585,-17.9182,65.95,84,75,5.01
328,Phalia,PK,2021-11-18 15:34:57,32.4297,73.5775,64.92,22,0,2.62
329,Christchurch,NZ,2021-11-18 15:31:30,-43.5333,172.6333,54.95,85,15,4.0
330,Alakurtti,RU,2021-11-18 15:34:58,66.9672,30.3491,33.64,100,100,1.86
331,Grand-Lahou,CI,2021-11-18 15:34:58,5.1367,-5.0242,84.67,67,18,8.75
332,Coihaique,CL,2021-11-18 15:34:16,-45.5752,-72.0662,58.95,51,75,6.91
333,Osmaniye,TR,2021-11-18 15:34:59,37.0742,36.2478,64.18,37,92,4.54
334,Tyukalinsk,RU,2021-11-18 15:34:59,55.8732,72.1967,6.04,92,100,11.72
335,Sosnovo-Ozerskoye,RU,2021-11-18 15:34:59,52.5249,111.5418,2.82,96,67,2.3
336,Parkersburg,US,2021-11-18 15:30:17,39.2667,-81.5615,52.52,92,90,3.0
337,Simbahan,PH,2021-11-18 15:35:00,6.3032,120.5836,82.15,77,60,5.23
338,Pengcheng,CN,2021-11-18 15:35:00,36.4311,114.17,54.19,52,94,5.48
339,North Bend,US,2021-11-18 15:35:00,43.4065,-124.2243,48.11,90,90,5.75
340,Yucca Valley,US,2021-11-18 15:35:01,34.1142,-116.4322,63.59,31,47,1.01
341,Pisco,PE,2021-11-18 15:35:01,-13.7,-76.2167,68.02,82,90,8.05
342,Oum Hadjer,TD,2021-11-18 15:35:02,13.2954,19.6966,92.91,15,15,4.97
343,Nouadhibou,MR,2021-11-18 15:35:02,20.931,-17.0347,69.78,94,20,10.36
344,Muros,ES,2021-11-18 15:35:03,42.7762,-9.0603,64.83,54,2,2.91
345,Wattegama,LK,2021-11-18 15:35:03,6.7989,81.4808,79.72,92,100,1.52
346,Panaba,MX,2021-11-18 15:35:04,21.2833,-88.2667,79.61,76,84,5.66
347,Brodek U Prerova,CZ,2021-11-18 15:35:04,49.4842,17.3382,48.18,84,76,1.99
348,Beringovskiy,RU,2021-11-18 15:35:05,63.05,179.3167,23.54,67,100,18.92
349,Belaya Gora,RU,2021-11-18 15:35:05,68.5333,146.4167,-19.43,100,79,3.11
350,Port-Cartier,CA,2021-11-18 15:35:06,50.0334,-66.8654,35.71,97,100,14.74
351,Bonavista,CA,2021-11-18 15:35:06,48.6499,-53.1147,37.11,63,97,13.18
352,Hashtrud,IR,2021-11-18 15:35:06,37.4779,47.0508,39.42,44,80,4.21
353,Fussen,DE,2021-11-18 15:35:07,47.8739,12.1695,45.68,87,94,1.54
354,Mantua,IT,2021-11-18 15:35:08,45.1667,10.7833,59.74,90,89,1.99
355,Acandi,CO,2021-11-18 15:35:08,8.5063,-77.2778,84.92,68,98,4.16
356,Kruisfontein,ZA,2021-11-18 15:35:09,-34.0033,24.7314,65.88,54,45,12.91
357,Qaqortoq,GL,2021-11-18 15:35:09,60.7167,-46.0333,27.1,83,97,3.76
358,Mahibadhoo,MV,2021-11-18 15:35:09,3.7833,72.9667,82.44,80,85,17.22
359,Zhanaozen,KZ,2021-11-18 15:35:10,43.3,52.8,37.45,55,99,9.35
360,Rocha,UY,2021-11-18 15:35:10,-34.4833,-54.3333,72.3,25,0,4.76
361,Mounana,GA,2021-11-18 15:32:31,-1.4085,13.1586,89.51,71,58,1.54
362,Antofagasta,CL,2021-11-18 15:35:10,-23.65,-70.4,69.22,56,18,9.53
363,Moose Factory,CA,2021-11-18 15:36:11,51.2585,-80.6094,33.8,93,90,11.5
364,East London,ZA,2021-11-18 15:36:11,-33.0153,27.9116,67.14,63,0,16.11
365,Cayenne,GF,2021-11-18 15:35:12,4.9333,-52.3333,86.04,82,75,9.22
366,Marsabit,KE,2021-11-18 15:36:12,2.3284,37.9899,73.02,53,88,7.85
367,Margate,GB,2021-11-18 15:36:12,51.3813,1.3862,56.03,77,9,1.01
368,Bridlington,GB,2021-11-18 15:36:12,54.0831,-0.1919,58.89,84,34,20.94
369,Nemuro,JP,2021-11-18 15:36:13,43.3236,145.575,51.91,81,100,24.58
370,Hamilton,US,2021-11-18 15:33:39,39.1834,-84.5333,44.15,71,20,5.99
371,Dali,CN,2021-11-18 15:36:13,25.7,100.1833,49.35,79,1,4.76
372,Carbonia,IT,2021-11-18 15:36:13,39.1672,8.5222,65.35,77,10,1.3
373,Koson,UZ,2021-11-18 15:36:14,39.0375,65.585,37.72,34,0,7.63
374,Kavali,IN,2021-11-18 15:36:14,14.9167,79.9833,78.62,89,100,17.18
375,Smithers,CA,2021-11-18 15:35:01,54.7804,-127.1743,30.52,100,75,2.3
376,Nara,JP,2021-11-18 15:36:15,34.6851,135.8049,56.48,61,42,1.86
377,Garissa,KE,2021-11-18 15:36:15,-0.4536,39.6401,87.04,50,88,12.41
378,Kabugao,PH,2021-11-18 15:36:15,18.0217,121.1842,73.67,98,100,0.96
379,Puerto Leguizamo,CO,2021-11-18 15:36:16,-0.1934,-74.7819,91.08,37,24,7.25
380,Douentza,ML,2021-11-18 15:36:16,14.9951,-2.9517,95.59,11,2,13.44
381,Port Lincoln,AU,2021-11-18 15:36:17,-34.7333,135.8667,58.15,83,100,11.45
382,Lumberton,US,2021-11-18 15:36:17,34.6182,-79.0086,74.95,59,13,10.29
383,Biloela,AU,2021-11-18 15:36:17,-24.4167,150.5,64.65,85,0,3.94
384,Krasnyy Yar,RU,2021-11-18 15:36:18,46.5331,48.3456,30.13,47,87,7.72
385,Necochea,AR,2021-11-18 15:34:16,-38.5473,-58.7368,70.84,40,91,18.3
386,Tazovskiy,RU,2021-11-18 15:36:18,67.4667,78.7,1.36,97,99,7.05
387,San Joaquin,US,2021-11-18 15:36:19,37.9333,-121.3011,49.32,100,90,0.0
388,High Level,CA,2021-11-18 15:35:19,58.5169,-117.136,12.31,100,75,2.3
389,Nome,US,2021-11-18 15:33:19,64.5011,-165.4064,-11.13,64,1,6.91
390,Port-Gentil,GA,2021-11-18 15:36:19,-0.7193,8.7815,85.96,74,40,13.8
391,Sakhipur,BD,2021-11-18 15:36:20,24.3,90.1833,78.67,60,22,3.31
392,Yar-Sale,RU,2021-11-18 15:36:20,66.8333,70.8333,-10.21,98,69,9.98
393,Ancud,CL,2021-11-18 15:31:56,-41.8697,-73.8203,64.42,73,16,7.54
394,Sorong,ID,2021-11-18 15:36:21,-0.8833,131.25,80.13,84,100,8.41
395,Longyearbyen,SJ,2021-11-18 15:36:21,78.2186,15.6401,22.84,68,75,33.38
396,Oranjemund,NA,2021-11-18 15:36:21,-28.55,16.4333,63.57,66,0,26.91
397,Shizunai,JP,2021-11-18 15:35:44,42.3339,142.3669,50.99,84,44,10.89
398,Tondano,ID,2021-11-18 15:36:22,1.3038,124.9112,69.89,94,97,0.69
399,Hami,CN,2021-11-18 15:36:22,42.8,93.45,35.49,39,54,7.76
400,Kahului,US,2021-11-18 15:33:05,20.8947,-156.47,75.85,90,1,3.44
401,Dingle,PH,2021-11-18 15:36:23,10.9995,122.6711,73.58,80,42,3.38
402,Colwyn Bay,GB,2021-11-18 15:36:23,53.2948,-3.7267,58.91,90,97,5.99
403,Alice Springs,AU,2021-11-18 15:31:56,-23.7,133.8833,67.55,56,0,0.0
404,Turayf,SA,2021-11-18 15:36:24,31.6725,38.6637,66.45,37,0,6.91
405,Nabire,ID,2021-11-18 15:36:24,-3.3667,135.4833,74.43,94,99,4.34
406,Tessalit,ML,2021-11-18 15:36:24,20.1986,1.0114,84.94,14,6,15.03
407,Ilo,PE,2021-11-18 15:36:25,-17.6394,-71.3375,68.86,68,40,11.5
408,Thyboron,DK,2021-11-18 15:36:25,56.6985,8.2124,53.22,94,100,25.26
409,Ariquemes,BR,2021-11-18 15:36:25,-9.9133,-63.0408,80.91,72,100,2.84
410,Tromso,NO,2021-11-18 15:37:26,69.6496,18.957,37.42,65,40,3.0
411,Karasjok,NO,2021-11-18 15:37:26,69.4719,25.5112,30.31,95,100,3.15
412,Shache,CN,2021-11-18 15:37:27,38.4167,77.2406,43.66,27,90,7.61
413,Yenangyaung,MM,2021-11-18 15:37:27,20.4667,94.8833,76.62,77,87,2.1
414,Mingyue,CN,2021-11-18 15:37:28,43.1069,128.9217,33.96,96,94,4.65
415,Boa Vista,BR,2021-11-18 15:37:28,2.8197,-60.6733,85.98,62,90,5.75
416,Kathmandu,NP,2021-11-18 15:35:01,27.7167,85.3167,59.22,77,75,0.0
417,Namie,JP,2021-11-18 15:37:28,37.4833,141.0,48.97,79,0,5.28
418,Ngunguru,NZ,2021-11-18 15:37:29,-35.6167,174.5,51.17,85,3,6.93
419,Mudgee,AU,2021-11-18 15:37:29,-32.5943,149.5871,55.62,94,100,0.0
420,Nizwa,OM,2021-11-18 15:37:29,22.9333,57.5333,74.55,43,1,3.11
421,Nakhon Thai,TH,2021-11-18 15:37:31,17.1006,100.8374,72.77,95,72,2.15
422,Tambacounda,SN,2021-11-18 15:37:31,13.7539,-13.7586,100.45,30,20,4.61
423,Gasa,PS,2021-11-18 15:37:27,31.5,34.4667,71.91,66,99,6.02
424,Spring Valley,US,2021-11-18 15:37:32,36.108,-115.245,52.11,30,75,3.44
425,Dukat,RU,2021-11-18 15:37:32,62.55,155.55,1.04,96,96,1.9
426,Ostuni,IT,2021-11-18 15:37:33,40.7276,17.5764,60.76,89,100,7.96
427,Natal,BR,2021-11-18 15:34:31,-5.795,-35.2094,90.25,62,75,18.41
428,Ilhabela,BR,2021-11-18 15:37:33,-23.7781,-45.3581,73.18,89,100,8.75
429,Talnakh,RU,2021-11-18 15:37:33,69.4865,88.3972,0.46,91,100,3.89
430,Impfondo,CG,2021-11-18 15:37:34,1.6381,18.0667,76.51,82,92,3.2
431,Huarmey,PE,2021-11-18 15:37:34,-10.0681,-78.1522,69.24,72,69,8.21
432,Coahuayana,MX,2021-11-18 15:37:34,18.7333,-103.6833,83.68,39,0,1.5
433,Jefferson City,US,2021-11-18 15:37:35,38.5767,-92.1735,43.79,39,1,8.99
434,Omaruru,NA,2021-11-18 15:37:35,-21.4333,15.9333,87.66,15,16,18.03
435,Hauterive,FR,2021-11-18 15:37:35,46.0901,3.4459,48.96,84,55,4.99
436,Katsuura,JP,2021-11-18 15:37:36,35.1333,140.3,53.71,77,94,5.64
437,Olavarria,AR,2021-11-18 15:37:36,-36.8927,-60.3225,78.51,26,27,13.29
438,Libenge,CD,2021-11-18 15:37:37,3.65,18.6333,81.18,68,52,5.28
439,Tirau,NZ,2021-11-18 15:37:37,-37.9833,175.75,53.37,94,1,1.72
440,Hildburghausen,DE,2021-11-18 15:37:38,50.4255,10.7318,45.55,92,82,5.93
441,Amahai,ID,2021-11-18 15:37:38,-3.3333,128.9167,78.58,85,100,3.06
442,Miles City,US,2021-11-18 15:33:13,46.4083,-105.8406,18.57,67,1,9.22
443,Mao,ES,2021-11-18 15:37:39,39.8885,4.2658,57.76,82,75,16.11
444,Lagoa,PT,2021-11-18 15:37:39,39.05,-27.9833,65.66,70,59,16.37
445,Marsa Matruh,EG,2021-11-18 15:37:39,31.3525,27.2453,68.32,70,1,7.52
446,Croy,CH,2021-11-18 15:37:40,46.6946,6.4772,47.26,86,40,4.99
447,Port Hawkesbury,CA,2021-11-18 15:37:40,45.6169,-61.3485,41.18,95,90,5.01
448,Ulladulla,AU,2021-11-18 15:37:41,-35.35,150.4667,63.5,68,98,8.16
449,Coos Bay,US,2021-11-18 15:37:41,43.3665,-124.2179,48.18,90,90,5.75
450,Stony Plain,CA,2021-11-18 15:37:28,53.5334,-114.0021,20.5,90,40,0.0
451,Komsomolskoye,RU,2021-11-18 15:37:42,55.2567,47.5461,29.19,91,98,10.63
452,Chikmagalur,IN,2021-11-18 15:37:42,13.3167,75.7833,64.18,92,100,3.8
453,Esperance,AU,2021-11-18 15:37:42,-33.8667,121.9,57.04,83,87,15.52
454,Tongzhou,CN,2021-11-18 15:37:43,39.9053,116.5994,46.51,56,100,8.95
455,Kijang,KR,2021-11-18 15:37:43,35.2442,129.2139,44.33,45,0,2.86
456,Quatre Cocos,MU,2021-11-18 15:37:43,-20.2078,57.7625,78.1,67,4,14.36
457,Mount Gambier,AU,2021-11-18 15:37:44,-37.8333,140.7667,53.51,87,90,8.05
458,Waghai,IN,2021-11-18 15:37:44,20.7667,73.4833,74.5,95,99,1.39
459,Lashma,RU,2021-11-18 15:38:45,54.9321,41.1438,27.75,63,100,10.92
460,Amapa,BR,2021-11-18 15:38:45,1.0,-52.0,84.63,68,83,4.0
461,Tupik,RU,2021-11-18 15:38:46,54.4253,119.9327,7.68,91,90,4.16
462,Guider,CM,2021-11-18 15:38:46,9.9342,13.9486,96.26,16,6,4.9
463,Saint-Francois,FR,2021-11-18 15:38:46,46.4154,3.9054,48.47,75,90,5.75
464,Ajaccio,FR,2021-11-18 15:38:47,42.0,8.9167,60.96,68,0,3.44
465,Havre-Saint-Pierre,CA,2021-11-18 15:38:47,50.2334,-63.5986,33.8,86,90,14.97
466,Lucea,JM,2021-11-18 15:38:48,18.451,-78.1736,85.86,66,82,16.75
467,Pilar,BR,2021-11-18 15:34:39,-9.5972,-35.9567,87.73,41,76,12.35
468,Cordoba,AR,2021-11-18 15:37:11,-31.4135,-64.1811,83.25,27,0,5.75
469,Wenling,CN,2021-11-18 15:38:49,28.3669,121.36,59.92,89,98,8.72
470,Kaspiyskiy,RU,2021-11-18 15:38:50,45.3929,47.3707,41.97,81,89,17.16
471,Huercal-Overa,ES,2021-11-18 15:38:50,37.389,-1.9454,60.24,79,96,15.61
472,Ahipara,NZ,2021-11-18 15:38:51,-35.1667,173.1667,52.54,85,1,5.08
473,Port Macquarie,AU,2021-11-18 15:38:51,-31.4333,152.9167,60.76,91,68,10.33
474,Bani,DO,2021-11-18 15:38:52,18.2833,-70.3333,87.24,50,12,12.8
475,Midland,US,2021-11-18 15:38:14,31.9974,-102.0779,44.06,26,1,8.05
476,Ginir,ET,2021-11-18 15:38:54,7.1333,40.7,60.64,35,30,0.34
477,Grindavik,IS,2021-11-18 15:38:55,63.8424,-22.4338,39.67,93,90,9.22
478,Kontagora,NG,2021-11-18 15:38:55,10.3999,5.4695,95.2,19,75,4.7
479,Puerto Colombia,CO,2021-11-18 15:36:34,10.9878,-74.9547,87.89,64,90,5.35
480,Prudentopolis,BR,2021-11-18 15:38:56,-25.2131,-50.9778,74.84,74,93,5.19
481,Yerbogachen,RU,2021-11-18 15:38:57,61.2767,108.0108,-11.6,100,65,3.69
482,Dangriga,BZ,2021-11-18 15:38:57,16.9692,-88.2321,82.98,82,24,5.23
483,Kanakapura,IN,2021-11-18 15:38:57,12.55,77.4167,72.64,97,100,3.53
484,Henties Bay,NA,2021-11-18 15:38:59,-22.116,14.2845,61.99,75,39,12.39
485,Antalaha,MG,2021-11-18 15:38:59,-14.9003,50.2788,75.76,70,9,8.66
486,Bol,TD,2021-11-18 15:38:59,13.4586,14.7147,86.54,45,4,2.48
487,Podor,MR,2021-11-18 15:39:00,16.6527,-14.9587,93.15,31,0,4.61
488,Honiara,SB,2021-11-18 15:39:00,-9.4333,159.95,77.56,87,69,2.08
489,Luanda,AO,2021-11-18 15:39:00,-8.8368,13.2343,84.2,74,20,10.36
490,Rosetta,EG,2021-11-18 15:39:01,31.4044,30.4164,69.13,66,24,15.61
491,Recke,DE,2021-11-18 15:39:02,52.3833,7.7167,51.67,85,95,15.43
492,Houma,US,2021-11-18 15:39:02,29.5958,-90.7195,71.01,97,90,3.44
493,Guerrero Negro,MX,2021-11-18 15:39:02,27.9769,-114.0611,64.8,77,22,5.55
494,Lorengau,PG,2021-11-18 15:39:03,-2.0226,147.2712,80.49,79,85,6.02
495,North Platte,US,2021-11-18 15:39:03,41.1239,-100.7654,21.09,73,1,4.61
496,Filingue,NE,2021-11-18 15:39:03,14.3521,3.3168,98.38,10,71,6.06
497,Lazaro Cardenas,MX,2021-11-18 15:39:04,17.9583,-102.2,80.33,68,53,2.39
498,Ukiah,US,2021-11-18 15:36:39,39.1502,-123.2078,56.05,83,1,0.0
499,Kemise,ET,2021-11-18 15:39:04,10.7167,39.8667,68.97,43,22,1.34
500,Baykit,RU,2021-11-18 15:39:05,61.67,96.37,9.52,96,100,5.77
501,Port Hardy,CA,2021-11-18 15:39:05,50.6996,-127.4199,42.8,93,75,0.0
502,Ust-Koksa,RU,2021-11-18 15:39:05,50.2696,85.6108,6.73,97,99,2.93
503,Moa,CU,2021-11-18 15:39:06,20.6569,-74.9403,84.16,65,52,12.95
504,Taguatinga,BR,2021-11-18 15:39:06,-12.3857,-46.5711,84.47,57,98,5.39
505,Belton,US,2021-11-18 15:36:42,38.812,-94.5319,41.81,44,1,1.99
506,Rameshki,RU,2021-11-18 15:40:06,57.3439,36.0453,30.11,82,100,12.03
507,Sayyan,YE,2021-11-18 15:40:07,15.1718,44.3244,57.99,32,0,6.85
508,Grand Gaube,MU,2021-11-18 15:40:07,-20.0064,57.6608,78.39,65,1,8.99
509,Bintulu,MY,2021-11-18 15:40:08,3.1667,113.0333,79.21,94,20,5.01
510,Bandarbeyla,SO,2021-11-18 15:40:08,9.4942,50.8122,77.79,67,41,14.97
511,Nynashamn,SE,2021-11-18 15:40:09,58.9034,17.9479,40.14,81,86,12.48
512,Oriximina,BR,2021-11-18 15:36:03,-1.7656,-55.8661,90.48,50,93,4.25
513,Moram,IN,2021-11-18 15:40:10,17.8,76.4667,73.4,85,100,4.43
514,Hokitika,NZ,2021-11-18 15:40:10,-42.7167,170.9667,49.42,85,59,3.91
515,Kidal,ML,2021-11-18 15:40:11,18.4411,1.4078,90.36,7,3,11.27
516,Lisakovsk,KZ,2021-11-18 15:40:11,52.5369,62.4936,2.03,92,5,5.59
517,Arona,ES,2021-11-18 15:40:11,28.0996,-16.681,64.38,60,75,3.44
518,Pizarro,CO,2021-11-18 15:40:12,4.9533,-77.366,79.5,84,99,7.63
519,Victoria,HK,2021-11-18 15:36:45,22.2855,114.1577,73.45,79,64,5.99
520,Khasan,RU,2021-11-18 15:40:12,42.4308,130.6434,47.53,70,5,6.4
521,Tombouctou,ML,2021-11-18 15:40:12,20.0,-3.0,87.31,14,100,8.68
522,Pangnirtung,CA,2021-11-18 15:40:13,66.1451,-65.7125,12.2,73,75,6.91
523,Kavaratti,IN,2021-11-18 15:40:13,10.5669,72.642,81.75,73,100,12.35
524,Amatitan,MX,2021-11-18 15:40:13,20.8333,-103.7167,58.51,42,0,2.1
525,Redwater,US,2021-11-18 15:40:14,33.3582,-94.2544,56.43,51,100,12.77
526,West Lafayette,US,2021-11-18 15:35:51,40.4259,-86.9081,40.35,62,1,17.27
527,Puertollano,ES,2021-11-18 15:40:14,38.6871,-4.1073,59.2,52,19,11.5
528,Autun,FR,2021-11-18 15:39:32,46.95,4.3,47.23,89,82,2.75
529,Northam,GB,2021-11-18 15:40:15,51.0333,-4.2167,55.35,96,100,9.51
530,Provost,CA,2021-11-18 15:40:15,52.3501,-110.2683,20.62,73,100,12.26
531,Jacksonville Beach,US,2021-11-18 15:39:50,30.2947,-81.3931,77.07,85,90,4.61
532,Southbridge,US,2021-11-18 15:40:16,42.0751,-72.0334,64.83,77,63,3.0
533,Tammisaari,FI,2021-11-18 15:40:16,59.9736,23.4339,39.9,92,9,12.68
534,Avera,US,2021-11-18 15:40:17,33.194,-82.5271,71.11,68,96,6.17
535,Ilebo,CD,2021-11-18 15:40:17,-4.3167,20.5833,78.66,73,61,4.5
536,Geraldton,AU,2021-11-18 15:40:17,-28.7667,114.6,66.61,72,75,17.27
537,Leningradskiy,RU,2021-11-18 15:40:18,69.3833,178.4167,-2.54,83,9,7.02
538,Ishigaki,JP,2021-11-18 15:40:18,24.3448,124.1572,74.52,84,95,3.27
539,Buchanan,LR,2021-11-18 15:40:19,5.8808,-10.0467,89.56,69,49,7.16
540,Buenos Aires,AR,2021-11-18 15:36:19,-34.6132,-58.3772,76.01,32,0,8.05
541,Beyneu,KZ,2021-11-18 15:40:19,45.3167,55.2,30.04,63,7,6.8
542,Matara,LK,2021-11-18 15:36:16,5.9485,80.5353,78.44,86,100,7.09
543,Magadi,IN,2021-11-18 15:40:20,12.9667,77.2333,69.96,96,100,5.95
544,Chandrapur,IN,2021-11-18 15:40:20,19.95,79.3,76.51,62,100,5.01
545,Sawtell,AU,2021-11-18 15:40:21,-30.3833,153.1,68.02,73,38,11.5
546,Auki,SB,2021-11-18 15:40:21,-8.7676,160.7034,77.04,89,68,4.18
547,Vitim,RU,2021-11-18 15:40:21,59.4511,112.5578,-4.4,100,100,1.95
548,Chunskiy,RU,2021-11-18 15:40:21,56.0815,99.6342,21.65,75,100,11.36
549,Mahina,PF,2021-11-18 15:40:22,-17.5065,-149.489,74.97,78,20,3.44
550,Kloulklubed,PW,2021-11-18 15:40:22,7.0419,134.2556,75.7,74,20,6.04
551,Sao Joao Da Barra,BR,2021-11-18 15:35:26,-21.6403,-41.0511,87.89,76,66,10.13
552,Balaka,MW,2021-11-18 15:41:23,-14.9793,34.9558,89.31,26,6,4.47
553,Bako,ET,2021-11-18 15:38:15,5.7833,36.5667,70.29,59,43,2.46
554,Waipawa,NZ,2021-11-18 15:41:23,-41.4122,175.5153,50.63,90,4,2.68
555,Clyde River,CA,2021-11-18 15:41:24,70.4692,-68.5914,12.43,85,100,14.97
556,Kormilovka,RU,2021-11-18 15:41:24,55.0026,74.1028,2.95,93,97,10.36
557,Erzin,TR,2021-11-18 15:41:24,36.9559,36.2,66.92,40,88,4.32
558,Nhulunbuy,AU,2021-11-18 15:41:25,-12.2333,136.7667,83.01,83,40,6.91
559,Barinas,VE,2021-11-18 15:41:25,8.6226,-70.2075,85.69,37,100,6.55
560,Port Antonio,JM,2021-11-18 15:41:26,18.18,-76.4612,87.71,61,100,7.85
561,Valdivia,CL,2021-11-18 15:41:26,-39.8142,-73.2459,59.09,46,74,3.83
562,Yulara,AU,2021-11-18 15:41:27,-25.2406,130.9889,75.04,33,10,0.0
563,Itarema,BR,2021-11-18 15:41:27,-2.9248,-39.9167,90.12,55,22,18.92
564,Pointe-Noire,CG,2021-11-18 15:41:28,-4.7761,11.8635,86.07,70,20,12.66
565,Kuytun,RU,2021-11-18 15:41:28,54.3419,101.5036,19.22,86,100,6.62
566,Nalut,LY,2021-11-18 15:41:28,30.3333,10.85,71.74,39,38,13.18
567,Ketchikan,US,2021-11-18 15:41:29,55.3422,-131.6461,34.27,86,1,4.61
568,Nsukka,NG,2021-11-18 15:41:29,6.8561,7.3927,86.86,51,22,5.59
569,Chernyakhovsk,RU,2021-11-18 15:41:29,54.6335,21.8156,43.81,82,91,12.91
570,Boyabat,TR,2021-11-18 15:41:30,41.4689,34.7667,47.75,72,92,3.15
571,Chimbote,PE,2021-11-18 15:41:30,-9.0853,-78.5783,69.42,70,95,8.16
